chr	loc	obs	exp	chr_level	pval	qval	zscore	dist
chr1	8190	1	0.030199040016438	1	0.029747604724681347	1.0	5.580666127114448	64
chr1	8254	2	0.1010241753919477	1	0.004771938176603732	1.0	5.974571718830136	64
chr1	8428	2	0.0845493361916042	1	0.0033790718761616094	1.0	6.587427814778954	174
chr1	7876	2	0.0948380517021503	1	0.004222656767906934	1.0	6.186436891958028	1153
chr1	9029	2	0.08834800188475	1	0.003680261097698528	1.0	6.431473273068113	1153
chr1	8890	2	0.0889320460997144	1	0.0037276394098638877	1.0	6.408361281228334	1000000
chr1	6779	2	0.0758959841140756	1	0.0027384397008774265	1.0	6.984239888158614	68
chr1	6847	2	0.1120907065803543	1	0.005831871643514047	1.0	5.6389250336315	68
chr1	6350	2	0.0737296051778284	1	0.0025880502639721117	1.0	7.0940834973420435	1000000
chr1	6323	2	0.0948878441097565	1	0.004226952738371535	1.0	6.184651868863667	1224
chr1	7547	2	0.0829365000577005	1	0.0032548585558963027	1.0	6.656771451203139	1224
chr1	7023	2	0.067639446619746	1	0.0021869649781077905	1.0	7.429988480557271	5384
chr1	12407	2	0.0664979833072275	1	0.0021153747591808334	1.0	7.49791291702136	5384
chr1	11860	2	0.0674931399178304	1	0.002177725432045106	1.0	7.438600377761036	1000000
chr1	10111	2	0.0549576470644974	1	0.0014559649579544143	1.0	8.29688359658049	1000000
chr1	9423	2	0.0667701662274938	1	0.0021323422800201544	1.0	7.481561665285284	1204
chr1	10627	2	0.0763027493962875	1	0.002767126052042562	1.0	6.964126171112253	1204
chr1	10133	2	0.0696693632189801	1	0.00231708025050574	1.0	7.31325611540259	292
chr1	10425	2	0.0709669971295367	1	0.0024021313975648583	1.0	7.241215015654287	292
chr1	701	2	0.0978084750831791	1	0.004482501385474342	1.0	6.082274247161587	1000000
chr1	174	2	0.0778009386417147	1	0.002874003360364901	1.0	6.891375943584513	189
chr1	363	2	0.0679824228481853	1	0.002208697682650293	1.0	7.409906943720615	189
chr1	349	2	0.0812711528476134	1	0.003128905189175108	1.0	6.730470031593743	860
chr1	1209	2	0.0713704328184741	1	0.002428871014328486	1.0	7.219209668191664	860
chr1	1086	2	0.0680637302641457	1	0.0022138647530546528	1.0	7.405168112590457	4173
chr1	5259	2	0.0737318494037511	1	0.0025882039711838107	1.0	7.093967267896797	177
chr1	5436	2	0.0619022845945008	1	0.0018386842927670295	1.0	7.789728672274981	177
chr1	4807	2	0.0705325359188233	1	0.0023734929354406738	1.0	7.2651186317926895	1144
chr1	5951	2	0.0841066321173446	1	0.003344758616335953	1.0	6.606268375080948	85
chr1	6036	1	0.0384605417472484	1	0.037730326529286276	1.0	4.902971990341008	85
chr1	3762	2	0.0666915516296477	1	0.0021274349070667313	1.0	7.48627433653456	638
chr1	4400	2	0.0854356336230525	1	0.0034482626089254	1.0	6.550137990459385	206
chr1	4606	2	0.0687686763949239	1	0.0022589051145592023	1.0	7.364427043069409	206
chr1	4484	2	0.078412181985052	1	0.002918158396105015	1.0	6.862280517453942	1000000
chr1	3968	2	0.0745225786767575	1	0.002642630690981674	1.0	7.0533347070280925	67
chr2	4035	2	0.096913602977624	2	0.004403458547380958	1.0	6.113165241727566	67
chr2	4034	2	0.0875696012256914	2	0.0036175589758137418	1.0	6.462624940991893	51
chr2	4085	2	0.1049823932054353	2	0.005139738225039626	1.0	5.848641680976501	35
chr2	4120	1	0.0470578718807651	2	0.04596781564407944	1.0	4.392890575624797	35
chr2	4281	2	0.0828746630417088	2	0.003250139807124253	1.0	6.659469268244468	161
chr2	3238	2	0.0874642143797215	2	0.0036091087122056675	1.0	6.466873567568844	489
chr2	3727	2	0.0690172024350809	2	0.0022748869538906863	1.0	7.350209691296374	489
chr2	5538	2	0.0626457276023716	2	0.0018821862620783476	1.0	7.740398425970443	1811
chr2	5496	2	0.0733318595384574	2	0.002560877097325478	1.0	7.114765114751784	1000000
chr2	5459	2	0.0641427280080394	2	0.001971257734586685	1.0	7.643629377273255	473
chr2	5932	2	0.0689227699138474	2	0.0022688080057985884	1.0	7.355603005166431	131
chr2	6063	2	0.0541573205725694	2	0.001414619567471751	1.0	8.361402694696103	131
chr2	5858	2	0.0631599297501546	2	0.0019125591133321376	1.0	7.706779655777536	1000000
chr2	5853	2	0.0778124790057374	2	0.002874834062887192	1.0	6.890823523970384	1000000
chr2	5802	2	0.0787807794724955	2	0.002944939063319659	1.0	6.844894930424553	1000000
chr2	4720	2	0.0621036598960231	2	0.0018504195102045803	1.0	7.776280990286685	10
chr2	4730	2	0.062599142588772	2	0.0018794460788824907	1.0	7.743464206613974	10
chr2	4699	2	0.0646234335585441	2	0.002000277209407701	1.0	7.613256531188965	481
chr2	5180	3	0.0708727372218115	2	5.6265567350164744e-05	0.38686376267408445	11.002683944707433	481
chr2	5133	2	0.0661069695160609	2	0.0020911127398329644	1.0	7.521575581777542	33
chr2	5166	2	0.0723848890042336	2	0.0024967305149225464	1.0	7.164672868943047	33
chr2	5113	3	0.0701896419021855	2	5.468218664242215e-05	0.38686376267408445	11.058672500155009	1000000
chr2	5074	2	0.0769170311018204	2	0.002810715462729176	1.0	6.934046749735328	1000000
chr2	974	2	0.0779196669230091	2	0.0028825551294025947	1.0	6.885698320578014	1000000
chr2	778	2	0.0751662773618143	2	0.002687333764198994	1.0	7.020720724883631	1000000
chr2	762	2	0.0751352494160816	2	0.0026851708023591042	1.0	7.0222834140394355	1000000
chr2	251	2	0.078782278284873	2	0.002945048196620835	1.0	6.844824479042452	1000000
chr2	206	2	0.0719347135727075	2	0.002466507456083468	1.0	7.188735029086475	1000000
chr2	80	2	0.0817327178598047	2	0.0031635792631102932	1.0	6.709824316502018	560
chr2	640	2	0.071805627409492	2	0.0024578733865643194	1.0	7.195675507932789	97
chr2	737	2	0.0778932293744384	2	0.0028806498430944197	1.0	6.886961476836333	97
chr2	474	1	0.0488161514257224	2	0.047643797065356715	1.0	4.305094594115809	1861
chr2	2335	1	0.0482001496585084	2	0.04705696323454994	1.0	4.335322790594587	1861
chr2	10159	2	0.0773003216277484	2	0.0028380771826974657	1.0	6.915455693546802	104
chr2	10263	2	0.0680392435890319	2	0.0022123080239232693	1.0	7.406594392452721	104
chr2	9680	2	0.0658183651158564	2	0.00207329084443064	1.0	7.539173016978175	1772
chr2	11452	2	0.0616841653414318	2	0.0018260136577903827	1.0	7.804367242056852	458
chr2	11910	2	0.0597017087032802	2	0.0017127785830823342	1.0	7.940998622171234	458
chr2	11021	2	0.0717495045291315	2	0.0024541240357604886	1.0	7.198698729883351	15
chr2	11036	2	0.075553661073085	2	0.0027144078362145315	1.0	7.001289710741627	15
chr2	6906	1	0.0511453769079707	2	0.04985946800108586	1.0	4.195623277511305	534
chr2	7440	2	0.082346959825626	2	0.0032100024204412356	1.0	6.682612031519719	82
chr2	7522	2	0.064940721644385	2	0.002019542434313094	1.0	7.593390218363608	82
chr2	7300	2	0.0634460464756525	2	0.001929560144868582	1.0	7.688246844905391	52
chr2	7352	2	0.0649333476377678	2	0.002019093694937016	1.0	7.593850307165041	52
chr2	6092	2	0.0619541119453393	2	0.0018417011334705242	1.0	7.786261543824657	2538
chr2	8630	2	0.0693811306046782	2	0.0022983867261604195	1.0	7.329525502003493	354
chr2	8984	2	0.0818397976707645	2	0.0031716491715527997	1.0	6.7050589825107085	354
chr2	8795	2	0.0751084781319658	2	0.002683305236668354	1.0	7.023632480330231	1000000
chr2	7698	2	0.0899797092567298	2	0.003813339234696198	1.0	6.367452122584606	555
chr2	8253	2	0.0753285114630986	2	0.0026986565703767495	1.0	7.012565327344148	555
chr2	8193	2	0.0912923619850009	2	0.003922003653125613	1.0	6.3171645503330645	1000000
chr3	6428	2	0.0744818855241088	3	0.002639816622169628	1.0	7.055410343729459	1000000
chr3	6391	2	0.062494349570169	3	0.00187328901926663	1.0	7.750372953146334	993
chr3	7384	2	0.0685911085643315	3	0.002247519235117329	1.0	7.37463135246398	993
chr3	1076	2	0.0739699039382878	3	0.0026045329512403895	1.0	7.081667662178495	5100
chr3	6176	2	0.0580743335179851	3	0.0016224264671678202	1.0	8.058245320616106	5100
chr3	492	2	0.0792206492035377	3	0.0029770494426850543	1.0	6.824302659996733	8616
chr3	9108	2	0.0944213407179249	3	0.004186783976182702	1.0	6.201429331581268	8616
chr3	8752	2	0.0673467944713147	3	0.002168502104750023	1.0	7.447242003050376	64
chr3	8816	2	0.0690802390607648	3	0.0022789491521342607	1.0	7.346615507525183	64
chr3	8696	2	0.0778246335417707	3	0.0028757090978079724	1.0	6.89024183442557	16
chr3	8712	2	0.0753701556552608	3	0.0027015666847416053	1.0	7.010476047796163	16
chr3	8949	2	0.0875955522883937	3	0.003619641241945412	1.0	6.461579878542798	237
chr3	9699	3	0.0731909686669462	3	6.186217826949475e-05	0.38686376267408445	10.81846486547139	750
chr3	7782	2	0.0651057848100542	3	0.0020295996927340897	1.0	7.583111416237753	138
chr3	7920	2	0.0638320555951572	3	0.001952610790240477	1.0	7.663437334177658	138
chr3	7578	2	0.075637037363066	3	0.0027202517930258016	1.0	6.997126650233238	890
chr3	8468	3	0.0757770273452988	3	6.852140185677854e-05	0.38686376267408445	10.6228659812483	152
chr3	8620	2	0.0728879520280525	3	0.0025307111204045814	1.0	7.138041895657495	152
chr3	8579	2	0.058466295230614	3	0.0016439733494576412	1.0	8.029567376077276	1000000
chr3	8146	2	0.0620958746149621	3	0.0018499651558632052	1.0	7.776799693592415	1000000
chr3	4481	2	0.067482627968583	3	0.0021770623008615336	1.0	7.439220186246546	143
chr3	4624	2	0.0813364228751047	3	0.0031337975083964094	1.0	6.727540129232075	143
chr3	5875	2	0.0799541766902556	3	0.003030962774395283	1.0	6.790332109637938	33
chr3	5908	2	0.0646258536667511	3	0.0020004238204966293	1.0	7.613104459400329	33
chr3	5323	2	0.058106551358596	3	0.001624192394195934	1.0	8.055877363228243	1000000
chr3	2040	2	0.0655202049568093	3	0.002054955374555877	1.0	7.557472479703397	1000000
chr3	1909	3	0.0646837701101786	3	4.297343443858143e-05	0.38686376267408445	11.541366526309448	1000000
chr3	1904	3	0.0600446451927643	3	3.4493976347643185e-05	0.38686376267408445	11.997854585351917	507
chr3	2411	2	0.0698503123242177	3	0.002328852665763241	1.0	7.303092723998171	507
chr3	2197	2	0.0772812765368599	3	0.0028367146595810323	1.0	6.91637626745047	1000000
chr3	1345	2	0.0639700508330557	3	0.0019608829750890613	1.0	7.654621543681652	1000000
chr3	1334	2	0.0638311732069608	3	0.0019525579489031192	1.0	7.663493795391713	207
chr3	1541	2	0.0972307973092179	3	0.0044314008591577435	1.0	6.102168419782401	207
chr3	3150	2	0.0855473509838135	3	0.0034570309023929605	1.0	6.545477679894947	1609
chr3	3143	2	0.088204803986615	3	0.0036686881681573043	1.0	6.437173968763437	1000000
chr3	2560	2	0.0739850133439856	3	0.0026055710024721684	1.0	7.080888958350474	3804
chr4	6364	2	0.0914878050876347	4	0.003938305214344657	1.0	6.3097671847014505	134
chr4	6498	2	0.1176750681753888	4	0.006403780220745835	1.0	5.487219905581696	134
chr4	6432	2	0.1002919159211148	4	0.004705288495687707	1.0	5.998655300562607	1000000
chr4	6088	2	0.1070602898247776	4	0.005337877857172509	1.0	5.785255909171667	4
chr4	6092	2	0.1146043215092225	4	0.006086251456484519	1.0	5.569317922301892	4
chr4	6250	2	0.0791537011486834	4	0.0029721516290165937	1.0	6.8274260004501475	1
chr4	6251	2	0.0887785140782659	4	0.0037151571608806523	1.0	6.414415424021546	1
chr4	6676	2	0.0728960616875029	4	0.00253126069408805	1.0	7.137614795788482	425
chr4	5582	2	0.0626036700879556	4	0.001879712307676627	1.0	7.743166102780914	2785
chr4	8367	2	0.0758946718066989	4	0.002738347382175372	1.0	6.984305034264812	160
chr4	8527	2	0.0774608463466355	4	0.0028495737437193385	1.0	6.907709644020419	3
chr4	8530	2	0.0748133166384527	4	0.0026627775820673738	1.0	7.038553155530285	3
chr4	9284	2	0.0720900827002773	4	0.0024769185748830503	1.0	7.180405576174466	754
chr4	9109	2	0.0612396305928141	4	0.0018003204099500314	1.0	7.834438081058471	1000000
chr4	7291	2	0.0857174819651817	4	0.0034704039967572435	1.0	6.538397665519947	827
chr4	8118	2	0.0707485091905177	4	0.0023877088596141833	1.0	7.253209105632629	827
chr4	1743	2	0.0624119602286025	4	0.0018684550670853323	1.0	7.755816646729356	1000000
chr4	1347	3	0.0747366403966954	4	6.578878304561637e-05	0.38686376267408445	10.700354987710634	1000000
chr4	143	3	0.069328858119105	4	5.272885320679028e-05	0.38686376267408445	11.130381858704224	982
chr4	1125	2	0.0569336024668237	4	0.0015604956763585309	1.0	8.143353899079317	982
chr4	3986	2	0.0631290687780218	4	0.0019107296579677095	1.0	7.708786002484088	2861
chr4	3911	2	0.0666541608489215	4	0.002125102749228957	1.0	7.488518645804031	1000000
chr4	2775	2	0.0634240929095076	4	0.0019282531165490215	1.0	7.6896645038584115	251
chr4	3026	2	0.0723000600745862	4	0.002491022049085051	1.0	7.169190237976195	251
chr5	5937	2	0.1161194946580909	5	0.006241999635357496	1.0	5.528416868390865	2911
chr5	5870	2	0.0703555512174868	5	0.0023618734598115604	1.0	7.2749181162955034	730
chr5	6600	2	0.0748589745802663	5	0.0026659480751908223	1.0	7.036239476835883	730
chr5	6572	2	0.0702031937894323	5	0.002351892563296385	1.0	7.283383001824812	1000000
chr5	4566	2	0.0626285035187555	5	0.001881172899362237	1.0	7.741531560144022	154
chr5	4720	2	0.0613482576112636	5	0.0018065827377780164	1.0	7.827060369919818	154
chr5	5495	2	0.07771308054918	5	0.002867682853948877	1.0	6.895585509261321	775
chr5	5344	2	0.061043811281895	5	0.0017890577844737767	1.0	7.847786430528328	2954
chr5	8298	3	0.0627127930746328	5	3.9221342299991536e-05	0.38686376267408445	11.729198656344945	2954
chr5	7992	2	0.061205427005384	5	0.0017983507361126305	1.0	7.836765098661461	1008
chr5	9000	2	0.061296495254932	5	0.0018035973479849465	1.0	7.830573559145705	1008
chr5	8590	2	0.0787960825858064	5	0.002946053421653105	1.0	6.844175702710467	1000000
chr5	6996	2	0.0676684620007857	5	0.002188799571075901	1.0	7.428283826045111	910
chr5	7906	2	0.0745111819353263	5	0.0026418424244461338	1.0	7.053915853595736	910
chr5	7425	2	0.0640851340503061	5	0.0019677944753534486	1.0	7.647290818249423	1000000
chr5	7406	2	0.0626563643512128	5	0.0018828121956236635	1.0	7.739698886565658	1000000
chr5	1490	2	0.0673558560020239	5	0.0021690726596023135	1.0	7.44670612417083	1000000
chr5	1452	2	0.0717995360759446	5	0.002457466316677781	1.0	7.196003467772701	1000000
chr5	1206	2	0.0640139321185395	5	0.0019635169619100007	1.0	7.651824051084393	1010
chr5	2216	2	0.0604819200150121	5	0.001756928476601244	1.0	7.88644080067451	1010
chr5	1809	2	0.0735288960966882	5	0.002574321210173789	1.0	7.10449930752326	1000000
chr5	386	2	0.0715667055677515	5	0.002441930818636808	1.0	7.208569800571608	493
chr5	879	2	0.0817658574716355	5	0.0031660757433291256	1.0	6.708348542377323	493
chr5	3749	2	0.0789094238005994	5	0.002954313029029203	1.0	6.838855153798947	148
chr5	3897	2	0.0868728928089873	5	0.0035618668943428527	1.0	6.490851653256496	148
chr5	3616	2	0.0782022990265611	5	0.0029029609477807653	1.0	6.87223352939482	1000000
chr5	2523	2	0.0825807093715223	5	0.0032277525157902993	1.0	6.672334152830416	638
chr5	3161	2	0.0903824641010982	5	0.003846527994698271	1.0	6.351909553685086	638
chr5	2996	2	0.0784279206824625	5	0.0029192995350107564	1.0	6.861535731576589	14
chr5	3010	2	0.0871565986980752	5	0.0035844961959319356	1.0	6.479317777025771	14
chr6	5447	2	0.0793930563559025	6	0.0029896800273043686	1.0	6.816277049003361	781
chr6	6228	2	0.0815589570167175	6	0.003150504687120522	1.0	6.7175765703925014	781
chr6	6195	2	0.0810189324648097	6	0.0031100339116326456	1.0	6.74182432674812	1000000
chr6	4886	2	0.0832842963588817	6	0.0032814588160623597	1.0	6.641652371525947	55
chr6	4941	2	0.0640850531539451	6	0.001967789612913997	1.0	7.647295964501476	8
chr6	4949	2	0.0828147699854572	6	0.003245572478228917	1.0	6.662085078164369	8
chr6	7977	2	0.0772792017702776	6	0.0028365662454272198	1.0	6.916476574545332	195
chr6	8172	2	0.0588184570707977	6	0.0016634487195440317	1.0	8.004041640876912	195
chr6	7314	2	0.0549196990160455	6	0.0014539915901043395	1.0	8.299911493594234	104
chr6	7418	2	0.0629783825174443	6	0.001901808925591924	1.0	7.718603220750314	104
chr6	7016	2	0.0586377964613787	6	0.001653444014290923	1.0	8.017108279432135	173
chr6	7189	2	0.059833558704474	6	0.0017202017535871853	1.0	7.9317053297698035	173
chr6	1014	2	0.0629829125550283	6	0.0019020768157626607	1.0	7.71830758545557	1000000
chr6	1008	2	0.060437164377328	6	0.001754381321698153	1.0	7.8895423921898304	63
chr6	1071	2	0.0669105890674464	6	0.0021411213443132504	1.0	7.473164037077528	63
chr6	1141	2	0.0762621387414143	6	0.002764255697478373	1.0	6.966127228522636	70
chr6	263	2	0.0606202135571454	6	0.0017648102998966755	1.0	7.876878267955161	467
chr6	730	2	0.0600549917828827	6	0.0017327030978448493	1.0	7.916165462392109	467
chr6	1368	3	0.0753387655522521	6	6.736142321650934e-05	0.38686376267408445	10.655315627954007	638
chr6	3384	2	0.076249273423354	6	0.002763346673285505	1.0	6.966761481993557	2016
chr6	2533	2	0.0794210086671425	6	0.002991730200983024	1.0	6.814978259426675	1000000
chr6	2427	2	0.0788418030959338	6	0.0029493839339394937	1.0	6.84202811034663	211
chr6	2638	2	0.0711032673793328	6	0.0024111476086410392	1.0	7.233761709250802	211
chr7	5293	2	0.1146201262455416	7	0.006087866717597227	1.0	5.56888725530751	2655
chr7	5231	2	0.0921208121552815	7	0.003991320532000337	1.0	6.285965476144092	1000000
chr7	5005	2	0.0716692868767762	7	0.002448769731919096	1.0	7.203025908041739	116
chr7	5121	2	0.077683805390169	7	0.0028655782636066293	1.0	6.89698972332018	116
chr7	5760	2	0.0588446427303863	7	0.0016649012444565755	1.0	8.002152610615244	105
chr7	5865	2	0.0759759837346938	7	0.002744070330623243	1.0	6.980271624452515	105
chr7	5642	2	0.0649462932373814	7	0.0020198815208266442	1.0	7.593042639024418	1000000
chr7	4290	2	0.057304140007143	7	0.001580485333058413	1.0	8.115435213068814	131
chr7	4421	2	0.0648429665557436	7	0.002013597496514011	1.0	7.599495724372618	131
chr7	4794	2	0.0658973931319902	7	0.0020781637399947396	1.0	7.534343096178672	373
chr7	4694	3	0.0915958507466758	7	0.00011959420566318752	0.5557581315944344	9.609855451137179	2517
chr7	7211	2	0.0808822957111133	7	0.0030998331812253956	1.0	6.7479969430133595	2517
chr7	6246	1	0.0464687349888295	7	0.04540559449183176	1.0	4.423382674823247	1000000
chr7	1777	2	0.0636177772623044	7	0.0019397989318854297	1.0	7.677182086147039	1000000
chr7	1556	2	0.0688562423281616	7	0.0022645300479643134	1.0	7.3594090992443455	121
chr7	1677	2	0.0861090095411843	7	0.0035012721588422984	1.0	6.522181813418932	121
chr7	362	2	0.0735293983957296	7	0.0025743555255350772	1.0	7.104473188724196	377
chr7	739	2	0.0787048383974228	7	0.0029394120555632465	1.0	6.84846709296488	377
chr7	3913	2	0.0618699729005749	7	0.0018368046460176366	1.0	7.7918924091718615	3174
chr7	2800	2	0.0746474782003006	7	0.0026512767972232294	1.0	7.046974302753903	1000000
chr7	2790	2	0.0750420982455858	7	0.0026786821852127552	1.0	7.026980553241186	1000000
chr7	2682	2	0.0836403239669247	7	0.003308794302367797	1.0	6.626270650784288	1000000
chr8	2668	2	0.0777352885356356	8	0.002869279873281455	1.0	6.894520795598378	1000000
chr8	2629	3	0.0706587643859128	8	5.57664048005555e-05	0.38686376267408445	11.020135786446177	22
chr8	2651	2	0.0703063578350036	8	0.0023586486147758926	1.0	7.277648330550456	22
chr8	2480	2	0.0674089688986619	8	0.0021724183267484917	1.0	7.443567270885968	32
chr8	2512	2	0.0852500174244742	8	0.003433717433643443	1.0	6.557900696223186	32
chr8	2019	6	0.0699962209782845	8	1.538420815477121e-10	2.216218258360031e-05	22.413912559988933	1000000
chr8	2014	4	0.07878860716503	8	1.5076640965550624e-06	0.04343821488430583	13.969747109327429	1000000
chr8	2011	2	0.0682936026824951	8	0.0022285042354434985	1.0	7.391815294869887	1000000
chr8	1990	2	0.0675301696736214	8	0.0021800621681090687	1.0	7.4364181468224535	7
chr8	1997	3	0.0715100863493914	8	5.776970322149438e-05	0.38686376267408445	10.95115891931269	1
chr8	1998	3	0.0695708509791978	8	5.327329810015091e-05	0.38686376267408445	11.110089763195898	1
chr8	2006	4	0.0709464988150259	8	9.97453266441824e-07	0.04343821488430583	14.751033813586409	8
chr8	2085	2	0.0777499604751909	8	0.002870335191739091	1.0	6.893817625347983	79
chr8	2373	2	0.0780990572291391	8	0.0028954990740659163	1.0	6.877143779155605	3
chr8	2376	2	0.0805797757514187	8	0.003077304619025218	1.0	6.7617177646938	3
chr8	2381	2	0.0759027993109067	8	0.002738919162677533	1.0	6.983901591843823	5
chr8	2402	2	0.0685481167793071	8	0.0022447666689445456	1.0	7.377107794138848	21
chr8	2230	2	0.0833335257190934	8	0.0032852322352024213	1.0	6.639519765146958	1473
chr8	3703	2	0.0718935070171586	8	0.002463749746533078	1.0	7.190948566769462	1473
chr8	3690	3	0.0892090475569324	8	0.00011068361505359436	0.5314953405796898	9.745554735486628	1000000
chr8	3381	2	0.0886885691957766	8	0.003707853715528399	1.0	6.417969263826388	1000000
chr8	753	2	0.0646134138108893	8	0.001999670263875737	1.0	7.613886228805025	1000000
chr8	210	2	0.0704639301284674	8	0.0023689855779149447	1.0	7.268912990235004	450
chr8	660	2	0.0789342782728822	8	0.0029561257313237797	1.0	6.837689909927629	450
chr8	305	2	0.0935075108007667	8	0.004108617542500789	1.0	6.2346467339545955	1303
chr8	1608	2	0.0765480947218394	8	0.002784497037923273	1.0	6.952070037851015	305
chr8	1913	2	0.0694664587967346	8	0.0023039132305298976	1.0	7.32469881025895	60
chr8	1973	2	0.0685723506230912	8	0.002246318052779335	1.0	7.375711579927505	60
chr8	1930	2	0.0618436406615899	8	0.0018352735190191474	1.0	7.793656963604742	2
chr8	1932	2	0.0681788820029264	8	0.0022211924711354526	1.0	7.3984709282585674	2
chr8	1759	2	0.0747237511993042	8	0.002656563345829949	1.0	7.043097820930451	4712
chr8	6471	2	0.0649192206054529	8	0.002018234138574243	1.0	7.594731954048264	50
chr8	6521	2	0.0627560841434423	8	0.0018886851826769304	1.0	7.733149163479567	50
chr8	5718	2	0.066809321849748	8	0.002134788511164418	1.0	7.479217459214579	930
chr8	6648	2	0.0652542527579089	8	0.0020386661966330295	1.0	7.573898667095124	930
chr8	4649	2	0.0847321411915639	8	0.0033932888935832932	1.0	6.579689962510773	60
chr8	4709	2	0.0926402389765273	8	0.004035071165569099	1.0	6.2666116662264955	60
chr8	4218	2	0.0658107313302246	8	0.0020728204318050123	1.0	7.53964001865528	1020
chr8	5238	2	0.0829808824298088	8	0.003258247339987669	1.0	6.654836952902168	1020
chr8	4863	2	0.0811714442273792	8	0.0031214384897484274	1.0	6.734952489075746	22
chr8	4885	2	0.1008763195935378	8	0.004758445329288888	1.0	5.979414147041833	22
chr8	4880	2	0.0890862020740982	8	0.0037401921548858657	1.0	6.402297840906031	1000000
chr8	4763	2	0.0976293317183936	8	0.004466625406319412	1.0	6.088425312862513	1000000
chr9	165	2	0.0997986849266758	9	0.00466064092363124	1.0	6.015021791506961	4633
chr9	4798	2	0.0697086940435878	9	0.002319636668710801	1.0	7.311043726058131	4633
chr9	4771	2	0.0718947832573927	9	0.0024638351356899525	1.0	7.190879981679401	151
chr9	4922	2	0.0678624891891433	9	0.0022010864305007597	1.0	7.416912223283362	151
chr9	4920	2	0.0691940106248027	9	0.0022862895426426907	1.0	7.340140709698313	1000000
chr9	4890	2	0.0684562900834235	9	0.0022388928119939752	1.0	7.382404895177884	1000000
chr9	4883	5	0.0780763164497162	9	2.265608937651537e-08	0.0016318954617010255	17.614698648480104	1000000
chr9	4732	3	0.0648837085136471	9	4.3366679546138854e-05	0.38686376267408445	11.522785586493002	300
chr9	5032	2	0.0750770676549837	9	0.0026811171712841342	1.0	7.025216223857305	300
chr9	5024	2	0.064950354353587	9	0.0020201286970345633	1.0	7.592789317152699	52
chr9	5076	2	0.0831202590336616	9	0.0032689001476683293	1.0	6.648771741413622	52
chr9	3752	2	0.0724249953859222	9	0.002499431589815989	1.0	7.162539795494839	96
chr9	3848	2	0.0641102571332495	9	0.001969304826997265	1.0	7.645693065508445	96
chr9	3823	2	0.0746841301812795	9	0.0026538165547272765	1.0	7.045110787290455	531
chr9	4354	2	0.080903014438853	9	0.003101378937221083	1.0	6.747059987148132	119
chr9	4473	2	0.0780858382036692	9	0.0028945443159568516	1.0	6.877773170485979	40
chr9	4513	2	0.0646757257466963	9	0.0020034462336644293	1.0	7.609972519784333	40
chr9	4464	2	0.0703560676913765	9	0.002361907328095721	1.0	7.274889467034873	1000000
chr9	4272	2	0.1008886264537167	9	0.0047595677360782575	1.0	5.979010691718764	2658
chr9	6930	3	0.0761956690157152	9	6.964157224684368e-05	0.38686376267408445	10.592126571662877	16
chr9	6946	2	0.0664895523034106	9	0.002114850214663586	1.0	7.498420973480826	16
chr9	7034	2	0.0646705609719864	9	0.0020031331299912064	1.0	7.61029670017464	8
chr9	7042	3	0.0772471801270401	9	7.250775099057519e-05	0.38686376267408445	10.516004683597838	8
chr9	5841	2	0.0631747214901813	9	0.001913436272757317	1.0	7.705818519456739	1000000
chr9	678	2	0.0694563863920076	9	0.002303260535765287	1.0	7.325268115259563	1000000
chr9	422	2	0.0773793015815439	9	0.00284373086927532	1.0	6.911641613284986	3157
chr9	3579	2	0.067418753664431	9	0.002173034953225698	1.0	7.4429894089892565	40
chr9	3619	2	0.0777999187984535	9	0.0028739299551146028	1.0	6.891424767688416	40
chr9	2297	2	0.1217069541414501	9	0.006831918450926204	1.0	5.384007468708239	1000000
chr9	2067	2	0.0809827759860837	9	0.003107333080057112	1.0	6.7434562284882835	435
chr9	2502	2	0.0941028507148254	9	0.00415946305420364	1.0	6.2129530318012955	78
chr9	2580	3	0.1042166497650307	9	0.00017450323836616858	0.7279237071003665	8.970104712444623	78
chr9	139	2	0.0693282434885935	9	0.0022949645265081067	1.0	7.332521497381013	1000000
chr9	27	2	0.0770242117890147	9	0.002818354059920588	1.0	6.928834448184702	96
chr9	123	2	0.0676842468852197	9	0.0021897979304394606	1.0	7.427356913966723	96
chr9	105	3	0.0654609117457006	9	4.4515159686423315e-05	0.38686376267408445	11.469615886328302	4199
chr10	4304	2	0.0654476560318771	10	0.002050505718859694	1.0	7.561943645547117	585
chr10	4889	2	0.0603256079230325	10	0.0017480400776034263	1.0	7.8972880433246555	585
chr10	4753	2	0.0815461141801291	10	0.003149539346438549	1.0	6.718150504634365	61
chr10	4814	2	0.072154388144639	10	0.002481233712314095	1.0	7.176965806188531	61
chr10	3651	2	0.0665682955612188	10	0.002119751734108925	1.0	7.493679544877681	130
chr10	3781	2	0.0787329052956267	10	0.002941454198369677	1.0	6.847146278249131	130
chr10	3529	2	0.0747069139632254	10	0.002655395912526045	1.0	7.043953054470594	2755
chr10	6284	2	0.0731538006700028	10	0.002548756619141301	1.0	7.124076976076391	2755
chr10	5998	2	0.0702983331804421	10	0.002358122761915908	1.0	7.278093961559739	583
chr10	6581	2	0.0828321456114722	10	0.003246897198089863	1.0	6.661325918909108	583
chr10	6504	2	0.0852997147573163	10	0.0034376089577307163	1.0	6.555819874621303	1000000
chr10	5328	3	0.0592318470244729	10	3.313219363229092e-05	0.38686376267408445	12.083232966390483	414
chr10	5742	2	0.0666451672813026	10	0.0021245419797248535	1.0	7.489058743002365	414
chr10	1514	2	0.0746713739264847	10	0.002652932493617989	1.0	7.045759208163813	1184
chr10	2698	2	0.0762268350410495	10	0.0027617615845474735	1.0	6.9678680573510805	369
chr10	3067	2	0.0800096471735211	10	0.003035058379038763	1.0	6.787781735642992	369
chr10	3052	2	0.0853698837565869	10	0.003443107037284792	1.0	6.552884916792954	102
chr10	3154	2	0.0720272011842832	10	0.00247270244089849	1.0	7.18377352893209	102
chr10	2158	2	0.0898094747133282	10	0.0037993517211735955	1.0	6.374052092612712	137
chr10	2295	2	0.082676801091507	10	0.0032350627612728992	1.0	6.668121350274629	137
chr10	2286	2	0.092719093633177	10	0.004041732504580865	1.0	6.263687355891657	1000000
chr11	2222	2	0.1102861517000791	11	0.005652340347195343	1.0	5.69030511945935	249
chr11	2471	2	0.0738172245999216	11	0.0025940545431983168	1.0	7.089549492767196	249
chr11	2417	3	0.0746986782108665	11	6.569044574733022e-05	0.38686376267408445	10.703212522899367	1000000
chr11	1719	2	0.0736669783959391	11	0.0025837626986052863	1.0	7.097329056915212	202
chr11	1921	2	0.0912688082273018	11	0.0039200412150402755	1.0	6.318057598522939	202
chr11	3298	2	0.0768273642536369	11	0.002804332592325369	1.0	6.938415506094503	1377
chr11	3278	2	0.071545344045894	11	0.0024405078281100256	1.0	7.209725725352641	1000000
chr11	2907	3	0.0573701984766731	11	3.0147272263574876e-05	0.38686376267408445	12.285489152561736	1000000
chr11	762	2	0.0725661500763309	11	0.0025089490783499185	1.0	7.155046170568004	435
chr11	1197	2	0.0808555831416058	11	0.003097840781476754	1.0	6.749205473980476	49
chr11	1246	2	0.0939128069561548	11	0.004143200433266214	1.0	6.219856322313123	49
chr11	1233	2	0.1127971272527231	11	0.0059028564562732975	1.0	5.61913633622334	5362
chr11	6595	2	0.0775069257053498	11	0.0028528779488021204	1.0	6.905490441037783	5362
chr11	5179	2	0.0743468299427297	11	0.0026304872692769717	1.0	7.062311043950797	10
chr11	5189	2	0.0832957776404259	11	0.003282338670884026	1.0	6.6411548400894285	10
chr11	5411	2	0.0784657684423427	11	0.002922044562049453	1.0	6.859745596087003	222
chr11	6007	1	0.0248395599949282	11	0.02453359669103968	1.0	6.187342049103102	596
chr11	4041	1	0.0446119127815091	11	0.04363143576177939	1.0	4.523289657466833	43
chr11	4084	2	0.0834496966239768	11	0.003294144810556261	1.0	6.634494547594391	43
chr11	3699	2	0.0879772213772585	11	0.0036503306818018513	1.0	6.446261826811039	720
chr11	4419	2	0.0728793739039143	11	0.002530129861598773	1.0	7.138493743251496	720
chr12	6218	2	0.0624410244471701	12	0.001870159642037378	1.0	7.753895087619998	398
chr12	6616	2	0.0656547169615349	12	0.0020632176102917655	1.0	7.549201752656037	10
chr12	6626	2	0.06210175277351	12	0.0018503082042863681	1.0	7.776408045678521	10
chr12	1649	2	0.0680136531694187	12	0.002210681682615044	1.0	7.408085767298038	132
chr12	1781	2	0.0808771658432782	12	0.0030994505148944284	1.0	6.748228983418586	132
chr12	2899	2	0.0805534561066083	12	0.003075348273734554	1.0	6.762915053653388	8
chr12	2907	2	0.0861296287243317	12	0.0035029013457018128	1.0	6.521330813090035	8
chr12	140	2	0.0850683555459824	12	0.0034195101475308245	1.0	6.565521943686671	16
chr12	156	2	0.0679311999375589	12	0.00220544543224711	1.0	7.412896634481069	16
chr12	1350	2	0.1041884191613202	12	0.005064946022819869	1.0	5.873344128663702	1194
chr12	4768	2	0.0721740150634343	12	0.0024825514635190594	1.0	7.175916834939794	996
chr12	5764	2	0.0731969636536252	12	0.0025516922185471447	1.0	7.1218166555493765	233
chr12	5997	2	0.0606278352229009	12	0.0017652451764394166	1.0	7.87635218828486	233
chr12	5443	2	0.0580825521038775	12	0.0016228768573496725	1.0	8.057641084636204	1000000
chr12	3700	2	0.0772389614405896	12	0.002833688463519058	1.0	6.918422821324342	1000000
chr12	3663	2	0.0672848290628447	12	0.0021646024018931492	1.0	7.450909337959511	1000000
chr12	3068	2	0.0697442486026298	12	0.0023219487929231905	1.0	7.309045329184334	332
chr12	3400	2	0.0741241665455198	12	0.0026151403797085664	1.0	7.073728255525014	332
chr12	3255	2	0.066915568987718	12	0.002141432998828486	1.0	7.472866700672633	1084
chr12	4339	2	0.0675940311417992	12	0.002184094907821291	1.0	7.432658796390738	1084
chr13	5728	2	0.0666219623475188	13	0.002123095425254335	1.0	7.490452779846637	1389
chr13	4466	2	0.068788352226518	13	0.0022601684415000153	1.0	7.363298708437618	11
chr13	4477	2	0.0689003010063016	13	0.002267362745794694	1.0	7.3568878657300125	11
chr13	4448	2	0.0710941365740182	13	0.0024105429740617908	1.0	7.234260464382028	506
chr13	4954	2	0.0870314409353885	13	0.003574504903542932	1.0	6.48439922450128	506
chr13	4726	2	0.0640016442590944	13	0.00196277920917873	1.0	7.652607135071004	1000000
chr13	908	2	0.0610096982096017	13	0.001787099221558792	1.0	7.850118245440877	157
chr13	1065	2	0.0822007733506676	13	0.0031989250161403096	1.0	6.689061477241853	157
chr13	1009	2	0.0568950537254195	13	0.0015584230823578035	1.0	8.146273772478727	125
chr13	1134	2	0.0652982845136652	13	0.0020413587988555165	1.0	7.571172319590973	125
chr13	1101	2	0.0641307801368853	13	0.001970539041828448	1.0	7.644388546401356	1000000
chr13	203	2	0.0737653037900006	13	0.002590495778539028	1.0	7.092235264570151	444
chr13	647	2	0.0616709307070796	13	0.0018252462029521787	1.0	7.8052579022564785	444
chr13	2400	2	0.060367359816605	13	0.0017504121066428523	1.0	7.894386637238818	1753
chr13	1479	2	0.0657617511272191	13	0.002069803364134606	1.0	7.542638306972537	472
chr13	1951	2	0.0831700892120484	13	0.0032727127367313358	1.0	6.646606898262269	472
chr13	1893	2	0.0975880820422309	13	0.00446297351218406	1.0	6.089843985516748	2998
chr14	4891	2	0.0904111733450657	14	0.0038488989101274265	1.0	6.3508054984985725	182
chr14	5073	2	0.0551052410497182	14	0.0014636523618962096	1.0	8.285136210311505	114
chr14	5187	2	0.080115125724602	14	0.003042853485108201	1.0	6.782939255617675	114
chr14	4603	2	0.0732924029492237	14	0.0025581889297968353	1.0	7.11682569952075	83
chr14	4686	2	0.0632688102535302	14	0.0019190202998096756	1.0	7.699712560384488	83
chr14	4420	2	0.0846639115425191	14	0.003387979284586405	1.0	6.582575165701433	1000000
chr14	4412	2	0.0697086779181732	14	0.0023196356203188237	1.0	7.3110446327501055	55
chr14	4467	2	0.0640725473905667	14	0.0019670379977912364	1.0	7.648091638066062	55
chr14	290	2	0.0886653157344335	14	0.0037059666524761285	1.0	6.418888893176969	2242
chr14	2532	2	0.0750392886713306	14	0.0026784865947859595	1.0	7.027122358350519	2242
chr14	1782	2	0.0672354416716388	14	0.0021614966760483563	1.0	7.4538358118264965	3035
chr15	4817	2	0.0648333123087026	15	0.002013010831613678	1.0	7.600099434707953	3035
chr15	4006	2	0.0723031618976744	15	0.0024912306733443305	1.0	7.169024920779538	1000000
chr15	3913	2	0.0869450940479433	15	0.003567619508843484	1.0	6.4879111536185174	1000000
chr15	3911	2	0.0719477950267268	15	0.0024673832266290784	1.0	7.188032706791756	1000000
chr15	933	2	0.0661262644061724	15	0.0020923068347536863	1.0	7.520403113193711	1000000
chr15	799	2	0.0631966474932309	15	0.001914736852455221	1.0	7.704394421850633	1000000
chr15	720	2	0.0700571331117624	15	0.0023423430550352986	1.0	7.2915233687070655	1677
chr15	2397	2	0.0908886094045238	15	0.0038884277137800852	1.0	6.332519553186856	1677
chr15	1482	2	0.0842875957425054	15	0.0033587648748359894	1.0	6.598549489954824	1000000
chr15	1454	2	0.0835090780875193	15	0.0032987049225796186	1.0	6.631929819889491	1374
chr16	2828	2	0.0832227547081373	16	0.003276744537657027	1.0	6.644320933888932	463
chr16	3291	2	0.0875741627648181	16	0.003617924944647821	1.0	6.462441212790832	79
chr16	3370	2	0.086367225772519	16	0.0035217003560327484	1.0	6.51154603932343	79
chr16	3355	2	0.0811047349758421	16	0.0031164476569611878	1.0	6.737955935211309	1000000
chr16	3336	2	0.0799343315380501	16	0.003029498163230607	1.0	6.7912451610985425	1000000
chr16	3171	2	0.0866447535897147	16	0.0035437186463732374	1.0	6.5001664243874195	1000000
chr16	3144	2	0.0859646685722947	16	0.00348987730577096	1.0	6.528147426872561	59
chr16	3203	2	0.1006290169008281	16	0.004735916996503279	1.0	5.987536639780482	59
chr16	2448	2	0.0845394416032115	16	0.003378303161153234	1.0	6.5878473338433015	22
chr16	2470	2	0.0875839376418132	16	0.003618709234207343	1.0	6.46204755043274	22
chr16	2424	2	0.0898105155340105	16	0.003799437168130627	1.0	6.37401168476575	1000000
chr16	2422	2	0.0930161075391789	16	0.004066869252435393	1.0	6.252705066728156	314
chr16	2736	2	0.0912590578991045	16	0.0039192289776219975	1.0	6.318427383544261	314
chr16	4432	2	0.0836764088453497	16	0.0033115708316553047	1.0	6.624716984621538	1696
chr16	4350	2	0.066847433949281	16	0.0021371708339100836	1.0	7.476937663483985	1000000
chr16	687	2	0.101840426264422	16	0.004846746207120935	1.0	5.948022675535672	1000000
chr16	96	2	0.0764290611807701	16	0.002776062770511668	1.0	6.957912207762266	242
chr16	338	2	0.0833155234242934	16	0.0032838521263794857	1.0	6.640299407702713	37
chr16	375	2	0.0834262356305187	16	0.0032923439774786875	1.0	6.635508579028693	37
chr16	1838	2	0.0863140372027514	16	0.0035174878913562043	1.0	6.5137330491104715	288
chr16	2126	2	0.0827426803551314	16	0.003240079078692517	1.0	6.665237235487322	10
chr16	2136	2	0.0796892233627962	16	0.0030114362837954252	1.0	6.802549677293284	10
chr16	2218	2	0.0728786392598442	16	0.0025300800846271444	1.0	7.138532443813228	82
chr16	2119	2	0.0812030567506089	16	0.003123804887913403	1.0	6.733530459654312	1000000
chr16	2033	2	0.0780532687409777	16	0.002892192587834522	1.0	6.879324550334999	26
chr16	2059	4	0.0775895328490726	16	1.419315536724381e-06	0.04343821488430583	14.081582717661439	26
chr16	2052	3	0.0841337415510613	16	9.31994080166388e-05	0.4629696662089983	10.05269482996075	25
chr16	2077	2	0.0812345804598067	16	0.0031261654808071135	1.0	6.732113230528906	25
chr16	1309	2	0.0876287405913953	16	0.003622305031396056	1.0	6.4602440263900505	26
chr16	1335	2	0.1047173487157866	16	0.005114714558937808	1.0	5.856857643977774	26
chr16	1274	2	0.0814410311832799	16	0.0031416459558420737	1.0	6.722851530071395	1
chr16	1275	2	0.0787098305027026	16	0.0029397752312607037	1.0	6.848232116545375	1
chr16	1404	2	0.0777298970572765	16	0.0028688921229442364	1.0	6.894779237419406	129
chr16	1210	3	0.1048131511359442	16	0.00017743783602872248	0.7279237071003665	8.942700960156989	17
chr16	1227	2	0.0881266285248623	16	0.0036623774278528778	1.0	6.440291823391856	17
chr16	1593	2	0.0906802475833555	16	0.0038711533398717666	1.0	6.340482626334042	78
chr16	1671	2	0.0853734222519343	16	0.0034433844049824563	1.0	6.55273700542169	78
chr16	1651	2	0.0843793167156859	16	0.003365874439280824	1.0	6.594646422234272	1000000
chr16	1649	3	0.1020684402020791	16	0.00016419603981225486	0.7167803970689033	9.07073304255031	1000000
chr16	1537	2	0.0878951221932176	16	0.0036437189352239835	1.0	6.449548638235091	1582
chr17	3119	2	0.0974280464011617	17	0.004448818507242967	1.0	6.095356245991251	407
chr17	3526	2	0.0999973665410454	17	0.004678601878048189	1.0	6.008414997140597	407
chr17	107	2	0.0984940792216955	17	0.00454350318723875	1.0	6.058883748154354	283
chr17	390	2	0.0784675765971787	17	0.0029221757346747294	1.0	6.859660105001298	283
chr17	1952	2	0.0778665341781658	17	0.0028787265937253084	1.0	6.888237579582346	1562
chr17	1823	3	0.0764661227185269	17	7.037155727797505e-05	0.38686376267408445	10.572400242352442	65
chr17	1888	2	0.0856463521611457	17	0.0034648099047980044	1.0	6.541355241940937	65
chr17	1498	1	0.0505023212428313	17	0.04924827825585295	1.0	4.225112112006904	1000000
chr17	1274	2	0.0858461642959025	17	0.003480535166955262	1.0	6.533056143284496	706
chr18	1980	2	0.0931554077778609	18	0.00407868356510592	1.0	6.247571914107452	706
chr18	3629	2	0.0718693212826944	18	0.002462131822257816	1.0	7.192248644346732	1649
chr18	3129	2	0.0602588363868656	18	0.0017442498256819705	1.0	7.901934248031693	1000000
chr18	2966	2	0.0652312750639514	18	0.0020372617533056603	1.0	7.575322467250398	267
chr18	3233	2	0.0661018506248585	18	0.002090796003742082	1.0	7.521886719392125	267
chr18	632	2	0.0720940680433541	18	0.0024771859026378952	1.0	7.1801922650644725	1000000
chr18	2	1	0.0149387332913726	18	0.014827703981867741	1.0	8.0594676390341	1578
chr19	1580	2	0.0954912579171911	19	0.004279176012137827	1.0	6.163127656036123	1578
chr19	1504	2	0.0982723585927112	19	0.004523733498877165	1.0	6.066422157228641	172
chr19	1676	2	0.0782367033044142	19	0.002905449559776104	1.0	6.8705993440319135	172
chr19	533	2	0.0897227125829568	19	0.003792232088104727	1.0	6.377422865264265	1000000
chr19	170	3	0.0819175842894049	19	8.616934385821982e-05	0.44333511919740826	10.195510710611558	28
chr19	198	3	0.0720574549311355	19	5.9082292693456326e-05	0.38686376267408445	10.907446485986997	28
chr19	1342	2	0.1139429648695166	19	0.006018836967286784	1.0	5.587416730709541	1144
chr19	1039	2	0.0899588667213913	19	0.0038116253892118237	1.0	6.368259207133889	47
chr19	1086	2	0.0830085307841117	19	0.003260359250620468	1.0	6.653632605242408	47
chr20	3039	2	0.0780919171715948	20	0.0028949833573465025	1.0	6.877483716054452	1953
chr20	766	2	0.0729676327929981	20	0.002536113367207384	1.0	7.133848477694922	1000000
chr20	599	2	0.0677496165589884	20	0.002193934730179392	1.0	7.42352168267806	1000000
chr20	111	2	0.0823764382117692	20	0.0032122383585019465	1.0	6.681313531567725	1000000
chr20	0	2	0.0829931613202352	20	0.0032591851794383873	1.0	6.654302018628422	1375
chr20	1375	2	0.0827544948485207	20	0.003240979070255876	1.0	6.664720365787701	153
chr20	1528	2	0.0796529030710713	20	0.003008764205143572	1.0	6.804229111813861	153
chr20	973	3	0.1005732343821275	20	0.00015726063576620362	0.7079578958502425	9.142625597348458	126
chr20	1099	2	0.0808090551413961	20	0.0030943718605930108	1.0	6.751311888980259	126
chr22	381	2	0.1043013012734975	22	0.005075548486822813	1.0	5.86981547117072	250
chr22	631	2	0.0862151313356299	22	0.0035096609811460797	1.0	6.517805095627944	250
chr22	1049	2	0.071948941107645	22	0.002467459960913985	1.0	7.187971184459143	149
chr22	1198	3	0.1057095365384578	22	0.0001819076584126754	0.7279237071003665	8.901947512116527	149
